Directory,Tier,URL,Category,DR,Dofollow,Submission Date,Status,Live URL,Backlink Verified,Positioning Variant Used,Tags Used,Account Email,Notes
Product Hunt,1,https://producthunt.com/posts/new,Launch,91,Yes,,Draft,,,A,,,Anchor launch - Tue/Wed 12:01 AM PT; needs 3-week account warmup first
BetaList,1,https://betalist.com/submit,Launch,64,Yes,,Draft,,,A,,,
Uneed,1,https://uneed.best/submit-a-tool,Launch,40,Yes,,Draft,,,A,,,
Microlaunch,1,https://microlaunch.net/submit,Launch,30,Yes,,Draft,,,A,,,
Launching Next,1,https://launchingnext.com/submit,Launch,30,Yes,,Draft,,,A,,,
PitchWall,1,https://pitchwall.co/submit,Launch,25,Yes,,Draft,,,A,,,
Fazier,1,https://fazier.com/submit,Launch,30,Yes,,Draft,,,A,,,
Tiny Launch,1,https://tinylaunch.com/submit,Launch,20,Yes,,Draft,,,A,,,Micro-SaaS fit - strong
OpenHunts,1,https://openhunts.com/submit,Launch,25,Yes,,Draft,,,A,,,
Firsto,1,https://firsto.co/submit,Launch,25,Yes,,Draft,,,A,,,
AlternativeTo,2,https://alternativeto.net/software/_/add/,SaaS,79,No,,Draft,,,B,,,Submit as alternative to Fishbrain FishAngler Navionics Solunar HuntWise
SaaSHub,2,https://saashub.com/submit,SaaS,77,Yes,,Draft,,,B,,,
SourceForge,2,https://sourceforge.net/user/register,SaaS,92,Yes,,Draft,,,B,,,
Startup Stash,2,https://startupstash.com/submit,SaaS,50,Yes,,Draft,,,B,,,
SideProjectors,2,https://www.sideprojectors.com/project/new,SaaS,35,Yes,,Draft,,,B,,,
F6S,2,https://www.f6s.com/company/create,SaaS,65,Yes,,Draft,,,B,,,
There's An AI For That,3,https://theresanaiforthat.com/submit,AI,76,Yes,,Draft,,,C,,,Category: outdoor/sports
Futurepedia,3,https://www.futurepedia.io/submit-tool,AI,70,Yes,,Draft,,,C,,,
Toolify.ai,3,https://www.toolify.ai/submit,AI,71,Yes,,Draft,,,C,,,
Future Tools,3,https://www.futuretools.io/submit-a-tool,AI,69,Yes,,Draft,,,C,,,
aitools.inc,3,https://aitools.inc/submit,AI,66,Yes,,Draft,,,C,,,
AIStage,3,https://aistage.net/submit,AI,66,Yes,,Draft,,,C,,,
TopAI.tools,3,https://topai.tools/submit,AI,60,Yes,,Draft,,,C,,,
Good AI Tools,3,https://goodaitools.com/submit,AI,66,Yes,,Draft,,,C,,,
NewTools.site,3,https://newtools.site/submit,AI,51,Yes,,Draft,,,C,,,
AI Trendy Tools,3,https://www.aitrendytools.com/submit,AI,69,Yes,,Draft,,,C,,,
Supertools,3,https://supertools.therundown.ai/submit,AI,61,Yes,,Draft,,,C,,,
Wired2Fish,Fishing,https://wired2fish.com,Outdoor,,,,Draft,,,D,,,Pitch app review/feature - email contact
BassResource Forum,Fishing,https://www.bassresource.com/bass_fishing_forums,Forum,,,,Draft,,,D,,,Forum etiquette: help first link later
Crappie.com Forum,Fishing,https://crappie.com,Forum,,,,Draft,,,D,,,Forum etiquette: help first link later
FishUSA Forum,Fishing,https://forums.fishusa.com,Forum,,,,Draft,,,D,,,Forum etiquette: help first link later
Reddit r/SideProject,Fishing,https://www.reddit.com/r/SideProject,Community,,,,Draft,,,D,,,Launch announcement welcome
Reddit r/SaaS,Fishing,https://www.reddit.com/r/SaaS,Community,,,,Draft,,,D,,,Share Your SaaS threads only
Crunchbase,Entity,https://www.crunchbase.com,Entity,,,,Draft,,,A,,,Feeds AI training corpora - claim company page
LinkedIn Company Page,Entity,https://www.linkedin.com/company,Entity,,,,Draft,,,A,,,Feeds AI training corpora
G2,Review,https://my.g2.com/sellers/welcome,Review,92,Yes,,Blocked,,,E,,,Do NOT submit until 10 users ready for review drive
Capterra,Review,https://www.capterra.com/vendors,Review,93,Yes,,Blocked,,,E,,,Do NOT submit until 10 users ready for review drive
